{"cameraMode":{"drawMode":0,"name":"Shaded","section":"Shading Mode"},"sceneLighting":true,"audioPlay":false,"sceneViewState":{"m_AlwaysRefresh":false,"showFog":true,"showSkybox":true,"showFlares":true,"showImageEffects":true,"showParticleSystems":true,"showVisualEffectGraphs":true,"m_FxEnabled":true},"in2DMode":false,"pivot":{"x":0.4089024066925049,"y":5.1253862380981449,"z":-0.2065589427947998},"rotation":{"x":-0.11611274629831314,"y":0.8075531125068665,"z":-0.5528424382209778,"w":-0.16960127651691438},"size":1.9037812948226929,"orthographic":false}