{"cameraMode":{"drawMode":0,"name":"Shaded","section":"Shading Mode"},"sceneLighting":true,"audioPlay":false,"sceneViewState":{"m_AlwaysRefresh":false,"showFog":true,"showSkybox":true,"showFlares":true,"showImageEffects":true,"showParticleSystems":true,"showVisualEffectGraphs":true,"m_FxEnabled":true},"in2DMode":false,"pivot":{"x":-1.2575433254241944,"y":1.3975342512130738,"z":0.31148266792297366},"rotation":{"x":0.1371321976184845,"y":-0.3426937460899353,"z":-0.05061184987425804,"w":-0.9280695915222168},"size":0.004297569394111633,"orthographic":false}