{"cameraMode":{"drawMode":0,"name":"Shaded","section":"Shading Mode"},"sceneLighting":true,"audioPlay":false,"sceneViewState":{"m_AlwaysRefresh":false,"showFog":true,"showSkybox":true,"showFlares":true,"showImageEffects":true,"showParticleSystems":true,"showVisualEffectGraphs":true,"m_FxEnabled":true},"in2DMode":false,"pivot":{"x":17.0627498626709,"y":54.411888122558597,"z":-52.331424713134769},"rotation":{"x":-0.37078577280044558,"y":0.13742445409297944,"z":-0.05558371916413307,"w":-0.9168398976325989},"size":0.0002682519843801856,"orthographic":false}